image_name,annotations
020000,"[[331, 399, 374, 460, 1.0], [330, 278, 348, 348, 1.0], [224, 261, 258, 313, 1.0], [318, 207, 341, 251, 1.0], [230, 358, 256, 391, 1.0], [311, 123, 339, 192, 1.0], [271, 266, 311, 330, 1.0]]"
020001,"[[226, 208, 272, 258, 1.0], [149, 264, 212, 331, 1.0], [281, 164, 311, 230, 1.0], [323, 279, 363, 378, 1.0], [226, 138, 273, 256, 1.0], [227, 353, 255, 419, 1.0], [372, 303, 403, 391, 1.0], [140, 129, 204, 231, 1.0], [224, 285, 265, 334, 1.0], [274, 273, 323, 388, 1.0]]"
020002,"[[291, 179, 305, 208, 1.0], [230, 47, 270, 91, 1.0], [225, 239, 264, 299, 1.0], [254, 188, 290, 213, 1.0]]"
020003,"[[282, 379, 314, 443, 1.0], [242, 360, 269, 434, 1.0], [171, 344, 229, 443, 1.0]]"
020004,"[[400, 404, 442, 538, 1.0], [467, 262, 499, 319, 1.0], [343, 404, 442, 542, 1.0], [345, 423, 395, 506, 1.0], [374, 250, 432, 385, 1.0], [361, 103, 438, 253, 1.0]]"
020005,"[[281, 171, 313, 196, 1.0], [243, 172, 275, 215, 1.0]]"
020006,"[[208, 124, 230, 164, 1.0], [229, 134, 259, 193, 1.0]]"
020007,"[[505, 188, 546, 279, 1.0], [171, 370, 194, 468, 1.0], [235, 534, 276, 565, 1.0], [194, 401, 231, 491, 1.0], [143, 75, 177, 195, 1.0], [350, 76, 385, 129, 1.0], [510, 188, 537, 235, 1.0], [540, 172, 576, 235, 1.0], [163, 340, 190, 360, 1.0], [229, 497, 276, 565, 1.0], [516, 304, 548, 359, 1.0], [269, 285, 315, 361, 1.0], [193, 336, 227, 376, 1.0], [233, 318, 266, 344, 1.0], [239, 362, 274, 414, 1.0], [236, 578, 275, 617, 1.0], [113, 190, 205, 334, 1.0], [202, 152, 272, 235, 1.0], [230, 421, 265, 487, 1.0]]"
020008,"[[278, 321, 303, 362, 1.0], [277, 300, 315, 325, 1.0], [258, 221, 286, 251, 1.0], [284, 116, 322, 153, 1.0], [310, 320, 339, 356, 1.0], [178, 268, 212, 314, 1.0], [233, 121, 277, 193, 1.0], [183, 142, 225, 211, 1.0]]"
020009,"[[191, 111, 231, 160, 1.0], [136, 249, 169, 279, 1.0], [334, 254, 358, 300, 1.0], [167, 346, 199, 408, 1.0], [96, 92, 145, 154, 1.0], [102, 167, 136, 267, 1.0], [119, 342, 151, 388, 1.0], [122, 407, 165, 470, 1.0]]"
020010,"[[247, 291, 288, 406, 1.0], [215, 440, 248, 468, 1.0], [207, 336, 243, 422, 1.0]]"
020011,"[[220, 236, 250, 262, 1.0], [175, 142, 204, 189, 1.0], [156, 217, 178, 239, 1.0], [229, 126, 248, 191, 1.0]]"
020012,"[[294, 184, 313, 229, 1.0], [250, 175, 272, 236, 1.0], [168, 147, 207, 251, 1.0], [212, 139, 255, 186, 1.0]]"
020013,"[[189, 119, 228, 205, 1.0], [129, 104, 156, 148, 1.0], [206, 187, 247, 232, 1.0], [144, 147, 169, 224, 1.0]]"
020014,"[[215, 90, 291, 184, 1.0], [320, 135, 375, 242, 1.0], [203, 201, 261, 305, 1.0], [133, 143, 184, 278, 1.0], [140, 290, 197, 442, 1.0]]"
020015,"[[269, 356, 301, 396, 1.0], [254, 210, 295, 268, 1.0], [382, 160, 416, 220, 1.0], [385, 299, 416, 374, 1.0], [320, 282, 362, 325, 1.0], [321, 164, 369, 219, 1.0], [269, 275, 309, 344, 1.0], [382, 378, 425, 431, 1.0], [319, 340, 359, 439, 1.0]]"
020016,"[[222, 127, 235, 156, 1.0], [174, 120, 206, 141, 1.0], [180, 143, 200, 189, 1.0], [156, 168, 179, 231, 1.0], [219, 79, 251, 113, 1.0]]"
020017,"[[425, 871, 460, 969, 1.0], [575, 238, 622, 265, 1.0], [749, 779, 791, 805, 1.0], [503, 585, 548, 656, 1.0], [514, 533, 561, 566, 1.0], [719, 433, 768, 528, 1.0], [797, 725, 831, 802, 1.0], [266, 585, 315, 658, 1.0], [750, 303, 810, 391, 1.0], [599, 307, 637, 419, 1.0], [825, 469, 868, 555, 1.0], [919, 174, 959, 246, 1.0], [735, 639, 775, 697, 1.0], [782, 843, 811, 907, 1.0], [619, 626, 651, 696, 1.0], [786, 600, 822, 668, 1.0], [768, 429, 809, 529, 1.0], [656, 635, 713, 710, 1.0], [698, 886, 740, 941, 1.0], [704, 280, 750, 368, 1.0], [747, 843, 779, 915, 1.0], [462, 921, 512, 999, 1.0], [652, 758, 693, 818, 1.0], [183, 585, 253, 702, 1.0], [650, 880, 690, 961, 1.0], [114, 554, 180, 688, 1.0]]"
020018,"[[147, 73, 198, 222, 1.0], [191, 327, 259, 391, 1.0], [231, 211, 292, 313, 1.0], [182, 130, 243, 269, 1.0]]"
020019,"[[453, 177, 490, 222, 1.0], [337, 243, 378, 256, 1.0], [291, 414, 318, 423, 1.0], [414, 175, 445, 238, 1.0], [134, 370, 159, 395, 1.0], [420, 139, 444, 175, 1.0], [406, 59, 435, 129, 1.0], [303, 133, 342, 197, 1.0], [325, 351, 362, 421, 1.0], [365, 421, 403, 468, 1.0], [353, 105, 401, 161, 1.0], [415, 342, 452, 409, 1.0], [418, 443, 454, 501, 1.0], [374, 343, 404, 407, 1.0]]"
020020,"[[372, 645, 426, 710, 1.0], [152, 678, 185, 757, 1.0], [1240, 675, 1265, 786, 1.0], [1171, 553, 1220, 624, 1.0], [1292, 704, 1313, 733, 1.0], [1280, 625, 1329, 697, 1.0], [978, 788, 1024, 835, 1.0], [1299, 527, 1334, 602, 1.0], [1131, 548, 1168, 610, 1.0], [988, 854, 1022, 916, 1.0], [1225, 558, 1255, 621, 1.0], [1259, 558, 1287, 626, 1.0]]"
020021,"[[122, 182, 155, 223, 1.0], [120, 127, 151, 172, 1.0]]"
020022,"[[169, 78, 196, 131, 1.0], [94, 122, 129, 159, 1.0], [95, 154, 124, 191, 1.0], [138, 70, 166, 122, 1.0], [141, 136, 179, 174, 1.0]]"
020023,"[[320, 150, 359, 165, 1.0], [222, 55, 269, 139, 1.0], [143, 291, 169, 332, 1.0], [219, 158, 267, 229, 1.0], [268, 138, 305, 211, 1.0], [229, 258, 269, 351, 1.0], [279, 342, 328, 420, 1.0], [130, 197, 172, 283, 1.0], [342, 490, 380, 563, 1.0], [120, 136, 168, 188, 1.0], [175, 144, 216, 244, 1.0], [185, 253, 223, 346, 1.0], [219, 392, 272, 494, 1.0], [235, 492, 272, 552, 1.0], [285, 473, 335, 559, 1.0], [415, 369, 461, 463, 1.0]]"
020024,"[[126, 521, 148, 556, 1.0], [112, 266, 133, 297, 1.0], [179, 271, 222, 341, 1.0], [96, 90, 137, 152, 1.0], [121, 431, 143, 508, 1.0], [339, 228, 373, 297, 1.0], [114, 204, 136, 262, 1.0], [378, 675, 434, 773, 1.0], [153, 467, 186, 530, 1.0], [399, 581, 440, 672, 1.0], [305, 92, 337, 143, 1.0], [342, 98, 378, 156, 1.0], [191, 449, 219, 514, 1.0], [139, 191, 172, 289, 1.0], [177, 206, 208, 261, 1.0], [160, 75, 204, 155, 1.0], [140, 412, 177, 436, 1.0], [330, 298, 369, 383, 1.0], [300, 283, 330, 331, 1.0], [300, 219, 332, 272, 1.0], [105, 345, 137, 405, 1.0], [184, 347, 218, 429, 1.0], [143, 338, 177, 393, 1.0], [314, 690, 357, 763, 1.0], [159, 539, 192, 607, 1.0]]"
020025,"[[360, 51, 386, 99, 1.0], [372, 200, 394, 244, 1.0], [383, 244, 410, 307, 1.0], [401, 500, 436, 566, 1.0], [356, 107, 383, 180, 1.0], [180, 167, 208, 240, 1.0], [306, 105, 345, 172, 1.0], [268, 326, 297, 387, 1.0], [323, 164, 354, 244, 1.0], [256, 150, 301, 213, 1.0], [311, 255, 352, 333, 1.0], [256, 240, 299, 321, 1.0]]"
020026,"[[119, 196, 159, 294, 1.0], [283, 66, 309, 102, 1.0], [266, 246, 305, 294, 1.0], [180, 194, 231, 271, 1.0], [260, 121, 307, 187, 1.0], [210, 88, 259, 180, 1.0]]"
020027,"[[234, 310, 274, 324, 1.0], [124, 382, 157, 410, 1.0], [160, 160, 204, 188, 1.0], [308, 306, 342, 394, 1.0], [271, 379, 305, 459, 1.0], [285, 229, 334, 292, 1.0], [316, 404, 365, 487, 1.0], [224, 438, 276, 521, 1.0]]"
020028,"[[302, 384, 332, 442, 1.0], [96, 266, 121, 331, 1.0], [245, 429, 275, 478, 1.0], [384, 258, 407, 293, 1.0], [148, 249, 170, 311, 1.0], [319, 299, 343, 338, 1.0], [377, 326, 410, 368, 1.0], [433, 193, 478, 294, 1.0], [509, 204, 540, 282, 1.0], [364, 88, 416, 157, 1.0], [426, 120, 470, 184, 1.0], [211, 244, 265, 323, 1.0], [276, 215, 327, 299, 1.0], [206, 159, 256, 226, 1.0], [371, 167, 418, 245, 1.0], [272, 99, 336, 186, 1.0]]"
020029,"[[178, 378, 210, 420, 1.0], [318, 203, 350, 277, 1.0], [426, 644, 467, 696, 1.0], [373, 178, 420, 256, 1.0], [374, 267, 434, 364, 1.0], [218, 291, 281, 405, 1.0], [312, 291, 362, 378, 1.0]]"
020030,"[[155, 311, 188, 322, 1.0], [330, 99, 372, 143, 1.0], [217, 149, 252, 202, 1.0], [134, 117, 190, 181, 1.0], [383, 127, 418, 191, 1.0], [307, 287, 330, 330, 1.0], [350, 173, 386, 244, 1.0], [351, 261, 392, 301, 1.0], [139, 213, 198, 281, 1.0], [455, 218, 499, 302, 1.0], [220, 246, 257, 337, 1.0], [393, 206, 443, 286, 1.0]]"
020031,"[[332, 273, 369, 366, 1.0], [276, 245, 301, 311, 1.0], [404, 199, 435, 266, 1.0], [374, 276, 417, 363, 1.0], [345, 182, 389, 259, 1.0]]"
020032,"[[305, 699, 385, 783, 1.0], [155, 138, 182, 195, 1.0], [126, 342, 175, 398, 1.0], [163, 206, 187, 269, 1.0], [196, 134, 231, 203, 1.0], [128, 387, 163, 433, 1.0], [190, 345, 221, 413, 1.0], [229, 427, 273, 490, 1.0], [182, 418, 218, 505, 1.0], [216, 296, 280, 402, 1.0]]"
020033,"[[134, 197, 157, 248, 1.0], [128, 173, 144, 197, 1.0], [164, 118, 194, 186, 1.0], [202, 116, 250, 189, 1.0], [164, 191, 201, 255, 1.0]]"
020034,"[[240, 343, 264, 372, 1.0], [241, 311, 271, 371, 1.0], [217, 312, 237, 369, 1.0], [247, 274, 262, 295, 1.0], [269, 152, 292, 209, 1.0], [201, 254, 232, 311, 1.0], [150, 240, 183, 319, 1.0], [210, 219, 241, 251, 1.0], [226, 162, 261, 203, 1.0], [247, 214, 288, 287, 1.0]]"
020035,"[[228, 381, 265, 448, 1.0], [239, 153, 279, 218, 1.0], [285, 112, 329, 220, 1.0], [270, 366, 315, 450, 1.0], [262, 241, 310, 337, 1.0], [235, 457, 285, 510, 1.0], [320, 190, 376, 333, 1.0]]"
020036,"[[114, 652, 150, 727, 1.0], [402, 579, 468, 645, 1.0], [102, 207, 127, 241, 1.0], [232, 553, 268, 597, 1.0], [135, 202, 169, 249, 1.0], [195, 431, 219, 482, 1.0], [126, 360, 186, 431, 1.0], [311, 141, 355, 203, 1.0], [152, 449, 179, 489, 1.0], [177, 299, 215, 354, 1.0], [89, 120, 121, 178, 1.0], [184, 216, 228, 280, 1.0], [259, 129, 298, 187, 1.0], [264, 204, 297, 263, 1.0], [125, 133, 166, 188, 1.0], [173, 135, 221, 202, 1.0], [172, 500, 215, 559, 1.0], [225, 425, 271, 456, 1.0], [121, 266, 173, 352, 1.0], [220, 463, 269, 532, 1.0]]"
020037,"[[439, 80, 487, 136, 1.0], [456, 410, 494, 490, 1.0], [409, 451, 444, 543, 1.0], [405, 70, 426, 150, 1.0], [454, 212, 497, 265, 1.0], [406, 160, 434, 240, 1.0], [446, 144, 487, 188, 1.0], [395, 382, 439, 433, 1.0]]"
020038,"[[326, 1819, 369, 1883, 1.0], [599, 1929, 644, 2011, 1.0], [950, 1683, 989, 1754, 1.0], [820, 1433, 855, 1494, 1.0], [978, 1325, 1024, 1405, 1.0], [613, 523, 659, 613, 1.0], [800, 1534, 838, 1594, 1.0], [825, 2002, 865, 2064, 1.0], [314, 2143, 347, 2176, 1.0], [632, 634, 663, 689, 1.0], [766, 1469, 798, 1516, 1.0], [611, 1356, 653, 1390, 1.0], [1023, 1757, 1059, 1819, 1.0], [529, 1324, 569, 1356, 1.0], [881, 2020, 920, 2070, 1.0], [587, 1540, 634, 1584, 1.0], [1047, 1674, 1082, 1726, 1.0], [1001, 1654, 1037, 1717, 1.0], [882, 1981, 920, 2018, 1.0], [750, 1532, 791, 1574, 1.0]]"
020039,"[[365, 401, 405, 416, 1.0], [274, 146, 310, 176, 1.0], [247, 412, 273, 491, 1.0], [288, 269, 310, 311, 1.0], [278, 384, 320, 403, 1.0], [221, 75, 263, 134, 1.0], [273, 182, 311, 259, 1.0], [303, 587, 326, 626, 1.0], [227, 146, 264, 221, 1.0], [281, 403, 317, 468, 1.0], [242, 310, 274, 386, 1.0], [227, 227, 265, 299, 1.0], [231, 653, 287, 706, 1.0], [200, 518, 261, 633, 1.0], [277, 480, 307, 555, 1.0], [162, 156, 216, 266, 1.0]]"
020041,"[[267, 132, 301, 201, 1.0], [279, 249, 320, 326, 1.0], [182, 129, 240, 185, 1.0]]"
020042,"[[266, 241, 308, 322, 1.0], [258, 167, 305, 238, 1.0], [266, 240, 307, 274, 1.0], [209, 151, 251, 225, 1.0], [212, 232, 260, 328, 1.0]]"
020043,"[[391, 911, 443, 1009, 1.0], [1101, 792, 1137, 850, 1.0], [1017, 815, 1042, 854, 1.0], [1057, 780, 1092, 849, 1.0], [1074, 735, 1104, 774, 1.0], [1112, 740, 1148, 786, 1.0], [1016, 731, 1065, 796, 1.0], [335, 832, 402, 933, 1.0]]"
020044,"[[195, 69, 226, 109, 1.0], [222, 127, 257, 182, 1.0], [231, 73, 271, 123, 1.0], [137, 149, 163, 189, 1.0], [177, 112, 215, 189, 1.0], [134, 64, 188, 135, 1.0]]"
020045,"[[378, 1434, 488, 1492, 1.0], [660, 1059, 693, 1177, 1.0], [411, 1241, 511, 1356, 1.0], [588, 1047, 639, 1150, 1.0], [101, 1064, 196, 1140, 1.0], [216, 1498, 282, 1601, 1.0], [489, 984, 572, 1185, 1.0], [335, 1172, 406, 1303, 1.0], [536, 1265, 619, 1372, 1.0], [717, 1043, 800, 1139, 1.0], [306, 1000, 396, 1096, 1.0], [821, 1028, 925, 1160, 1.0]]"
020046,"[[204, 118, 247, 271, 1.0], [275, 845, 314, 869, 1.0], [212, 1010, 250, 1068, 1.0], [348, 959, 367, 993, 1.0], [340, 1004, 380, 1053, 1.0], [396, 821, 435, 864, 1.0], [332, 894, 369, 945, 1.0], [222, 851, 265, 915, 1.0], [325, 822, 366, 875, 1.0], [332, 1065, 383, 1119, 1.0]]"
020047,"[[188, 80, 256, 136, 1.0], [279, 168, 345, 308, 1.0], [175, 285, 266, 404, 1.0], [287, 341, 343, 400, 1.0]]"
020048,"[[143, 220, 211, 360, 1.0], [224, 271, 258, 291, 1.0], [84, 209, 137, 293, 1.0], [87, 300, 132, 373, 1.0]]"
020049,"[[355, 250, 389, 313, 1.0], [127, 408, 157, 467, 1.0], [166, 356, 220, 439, 1.0], [362, 497, 379, 571, 1.0], [399, 499, 423, 538, 1.0], [264, 533, 296, 564, 1.0], [121, 288, 148, 366, 1.0], [349, 368, 418, 420, 1.0], [402, 570, 439, 623, 1.0], [228, 382, 271, 457, 1.0]]"
020050,"[[295, 212, 310, 225, 1.0]]"
020051,"[[240, 193, 280, 241, 1.0], [198, 179, 223, 236, 1.0], [197, 116, 229, 165, 1.0], [158, 118, 181, 153, 1.0], [159, 161, 180, 233, 1.0], [121, 116, 155, 186, 1.0]]"
020052,"[[246, 180, 270, 215, 1.0], [259, 126, 276, 175, 1.0], [123, 242, 150, 284, 1.0], [222, 125, 254, 179, 1.0], [119, 192, 149, 232, 1.0], [194, 116, 215, 170, 1.0], [159, 194, 184, 273, 1.0], [145, 106, 176, 177, 1.0], [197, 192, 228, 256, 1.0]]"
020053,"[[128, 189, 207, 271, 1.0], [103, 86, 139, 154, 1.0], [233, 178, 271, 271, 1.0], [164, 193, 207, 246, 1.0], [152, 99, 181, 168, 1.0], [223, 296, 263, 368, 1.0], [280, 280, 326, 374, 1.0]]"
020054,"[[156, 220, 193, 351, 1.0], [162, 155, 193, 207, 1.0], [201, 139, 241, 236, 1.0], [201, 246, 246, 349, 1.0]]"
020055,"[[328, 604, 348, 635, 1.0], [319, 543, 348, 584, 1.0], [204, 114, 239, 176, 1.0], [238, 91, 280, 155, 1.0], [192, 497, 214, 550, 1.0], [230, 469, 265, 579, 1.0], [229, 472, 261, 514, 1.0], [189, 467, 223, 550, 1.0], [182, 589, 222, 643, 1.0], [188, 468, 223, 499, 1.0], [289, 97, 315, 141, 1.0], [298, 168, 312, 191, 1.0], [308, 456, 338, 519, 1.0], [296, 608, 324, 671, 1.0], [300, 204, 330, 243, 1.0], [219, 186, 247, 233, 1.0], [287, 690, 324, 753, 1.0], [260, 186, 293, 245, 1.0], [285, 574, 315, 600, 1.0], [240, 605, 278, 648, 1.0], [157, 139, 185, 203, 1.0], [235, 657, 276, 749, 1.0]]"
020056,"[[333, 270, 354, 297, 1.0], [396, 312, 425, 354, 1.0], [318, 147, 340, 188, 1.0], [347, 151, 381, 177, 1.0], [362, 288, 389, 327, 1.0]]"
020057,"[[273, 242, 285, 264, 1.0], [263, 277, 286, 311, 1.0], [274, 164, 293, 235, 1.0], [140, 137, 176, 200, 1.0], [267, 121, 301, 159, 1.0], [224, 57, 265, 112, 1.0], [170, 316, 218, 385, 1.0], [180, 220, 217, 300, 1.0], [185, 144, 218, 215, 1.0], [225, 220, 263, 301, 1.0], [120, 265, 156, 358, 1.0], [227, 133, 260, 204, 1.0], [216, 304, 260, 392, 1.0]]"
020058,"[[497, 294, 527, 353, 1.0], [430, 245, 464, 332, 1.0], [430, 243, 522, 361, 1.0], [279, 75, 341, 196, 1.0], [190, 233, 271, 353, 1.0]]"
020059,"[[334, 127, 370, 209, 1.0], [142, 116, 193, 197, 1.0], [264, 121, 315, 213, 1.0], [204, 165, 245, 249, 1.0]]"
020060,"[[308, 144, 346, 187, 1.0], [226, 178, 297, 263, 1.0], [265, 179, 297, 267, 1.0], [264, 293, 315, 397, 1.0], [391, 338, 431, 371, 1.0], [303, 145, 347, 308, 1.0], [210, 390, 247, 435, 1.0], [194, 257, 250, 367, 1.0]]"
020061,"[[364, 91, 426, 168, 1.0], [456, 183, 502, 253, 1.0], [316, 350, 393, 447, 1.0], [389, 185, 449, 285, 1.0], [393, 304, 441, 391, 1.0], [334, 225, 387, 324, 1.0]]"
020062,"[[235, 136, 268, 209, 1.0], [236, 224, 269, 334, 1.0], [178, 176, 227, 285, 1.0]]"
020063,"[[249, 112, 277, 142, 1.0], [146, 100, 188, 155, 1.0], [196, 83, 237, 153, 1.0], [233, 169, 279, 233, 1.0]]"
020064,"[[147, 285, 167, 322, 1.0], [184, 121, 226, 180, 1.0], [422, 0, 453, 35, 1.0], [331, 25, 364, 70, 1.0], [138, 157, 171, 186, 1.0], [195, 355, 208, 385, 1.0], [379, 113, 419, 206, 1.0], [138, 158, 170, 227, 1.0], [382, 185, 406, 211, 1.0], [425, 196, 453, 249, 1.0], [145, 189, 160, 226, 1.0], [374, 0, 412, 55, 1.0], [232, 100, 262, 159, 1.0], [378, 221, 403, 253, 1.0], [234, 206, 257, 250, 1.0], [426, 147, 439, 176, 1.0], [199, 189, 226, 229, 1.0], [423, 76, 448, 142, 1.0], [345, 131, 371, 199, 1.0], [166, 194, 194, 252, 1.0], [310, 167, 331, 227, 1.0], [117, 284, 140, 331, 1.0]]"
020065,"[[203, 227, 258, 338, 1.0], [98, 243, 118, 273, 1.0], [157, 299, 188, 313, 1.0], [424, 259, 444, 311, 1.0], [491, 459, 515, 508, 1.0], [261, 245, 295, 275, 1.0], [254, 150, 290, 234, 1.0], [195, 157, 245, 210, 1.0], [151, 226, 192, 296, 1.0], [362, 129, 405, 214, 1.0], [202, 225, 223, 302, 1.0], [298, 148, 344, 189, 1.0], [306, 208, 356, 277, 1.0], [256, 288, 292, 363, 1.0], [372, 240, 422, 310, 1.0]]"
020066,"[[247, 168, 291, 185, 1.0], [133, 862, 168, 911, 1.0], [105, 614, 132, 658, 1.0], [132, 549, 165, 616, 1.0], [248, 216, 295, 298, 1.0], [167, 480, 220, 592, 1.0], [110, 474, 161, 544, 1.0], [129, 793, 170, 852, 1.0]]"
020067,"[[148, 464, 202, 551, 1.0], [220, 374, 261, 475, 1.0], [190, 971, 236, 1029, 1.0]]"
020068,"[[352, 321, 367, 353, 1.0], [352, 355, 378, 373, 1.0], [382, 315, 410, 365, 1.0], [346, 144, 363, 178, 1.0], [296, 210, 341, 273, 1.0], [497, 124, 524, 175, 1.0], [343, 247, 375, 295, 1.0], [249, 126, 295, 238, 1.0], [342, 196, 370, 241, 1.0], [299, 125, 341, 185, 1.0]]"
020069,"[[527, 394, 567, 467, 1.0], [408, 56, 460, 113, 1.0], [389, 136, 439, 181, 1.0], [524, 327, 561, 379, 1.0], [500, 70, 537, 149, 1.0], [172, 161, 230, 298, 1.0], [377, 135, 438, 298, 1.0], [311, 117, 356, 232, 1.0], [437, 357, 476, 449, 1.0], [277, 250, 342, 387, 1.0]]"
020070,"[[239, 653, 273, 709, 1.0], [435, 343, 450, 379, 1.0], [366, 608, 387, 647, 1.0], [121, 190, 157, 243, 1.0], [193, 278, 248, 354, 1.0], [434, 577, 466, 652, 1.0], [363, 527, 393, 593, 1.0], [381, 222, 421, 254, 1.0], [252, 254, 288, 350, 1.0], [102, 254, 144, 333, 1.0], [391, 448, 426, 518, 1.0], [350, 447, 383, 520, 1.0], [431, 209, 461, 262, 1.0], [187, 366, 253, 432, 1.0], [398, 540, 429, 649, 1.0], [136, 303, 178, 376, 1.0], [426, 462, 467, 561, 1.0], [297, 291, 357, 415, 1.0], [149, 257, 188, 294, 1.0], [425, 395, 458, 437, 1.0], [425, 279, 461, 329, 1.0], [254, 213, 296, 262, 1.0], [161, 199, 200, 245, 1.0], [263, 350, 294, 445, 1.0], [210, 200, 250, 270, 1.0], [368, 263, 417, 380, 1.0], [308, 219, 362, 270, 1.0]]"
020071,"[[389, 218, 433, 356, 1.0], [338, 227, 371, 285, 1.0], [294, 214, 335, 244, 1.0], [394, 268, 424, 355, 1.0], [441, 223, 507, 334, 1.0]]"
020072,"[[344, 348, 374, 387, 1.0], [1059, 646, 1134, 805, 1.0], [784, 333, 847, 417, 1.0], [757, 309, 785, 365, 1.0], [649, 307, 671, 335, 1.0], [827, 526, 850, 571, 1.0], [586, 525, 622, 562, 1.0], [654, 499, 678, 540, 1.0], [454, 343, 508, 407, 1.0], [464, 410, 500, 448, 1.0], [228, 128, 249, 207, 1.0], [1000, 734, 1047, 779, 1.0], [1019, 648, 1055, 719, 1.0], [682, 514, 716, 557, 1.0], [616, 302, 641, 341, 1.0], [859, 263, 891, 287, 1.0], [284, 102, 316, 139, 1.0], [681, 325, 718, 382, 1.0], [611, 354, 646, 413, 1.0], [648, 342, 681, 403, 1.0], [184, 143, 225, 204, 1.0], [224, 213, 257, 264, 1.0]]"
020073,"[[95, 484, 136, 587, 1.0], [469, 517, 534, 677, 1.0], [458, 313, 510, 381, 1.0], [597, 142, 661, 196, 1.0], [197, 561, 244, 641, 1.0]]"
020074,"[[327, 54, 418, 180, 1.0], [188, 289, 232, 386, 1.0], [135, 720, 199, 781, 1.0], [289, 425, 315, 512, 1.0], [170, 585, 215, 671, 1.0], [414, 86, 474, 158, 1.0], [318, 430, 382, 513, 1.0], [238, 191, 304, 321, 1.0], [275, 37, 335, 188, 1.0], [273, 342, 334, 404, 1.0], [342, 226, 402, 311, 1.0], [409, 620, 456, 744, 1.0], [224, 685, 277, 771, 1.0], [378, 332, 435, 433, 1.0], [193, 398, 268, 521, 1.0], [296, 662, 399, 802, 1.0], [332, 535, 388, 641, 1.0], [405, 445, 465, 604, 1.0], [235, 522, 315, 646, 1.0]]"
020075,"[[356, 370, 398, 396, 1.0], [177, 245, 224, 342, 1.0], [312, 585, 345, 674, 1.0], [232, 441, 271, 529, 1.0], [126, 258, 178, 338, 1.0], [137, 351, 182, 419, 1.0], [355, 407, 386, 491, 1.0], [181, 463, 226, 515, 1.0], [265, 605, 314, 739, 1.0], [240, 527, 282, 609, 1.0], [138, 642, 188, 742, 1.0], [365, 240, 414, 309, 1.0], [183, 331, 235, 451, 1.0], [191, 531, 230, 631, 1.0], [288, 436, 339, 567, 1.0], [129, 492, 178, 557, 1.0], [202, 660, 255, 751, 1.0], [220, 241, 276, 330, 1.0], [234, 350, 280, 423, 1.0], [287, 354, 334, 423, 1.0], [134, 566, 183, 643, 1.0], [275, 225, 339, 345, 1.0]]"
020076,"[[276, 84, 312, 143, 1.0], [252, 207, 277, 254, 1.0], [241, 140, 271, 204, 1.0], [237, 87, 266, 132, 1.0], [125, 100, 164, 176, 1.0], [175, 88, 219, 134, 1.0], [281, 151, 320, 220, 1.0], [178, 152, 230, 224, 1.0]]"
020077,"[[159, 443, 185, 480, 1.0], [305, 263, 347, 342, 1.0], [217, 199, 251, 241, 1.0], [292, 107, 339, 193, 1.0], [222, 338, 252, 408, 1.0], [221, 253, 253, 324, 1.0], [264, 269, 297, 341, 1.0]]"
020078,"[[258, 115, 294, 175, 1.0], [179, 185, 209, 224, 1.0], [226, 131, 252, 207, 1.0], [171, 132, 221, 180, 1.0]]"
020079,"[[268, 106, 302, 150, 1.0], [276, 151, 312, 205, 1.0], [168, 192, 210, 244, 1.0], [222, 128, 266, 195, 1.0], [171, 136, 215, 184, 1.0]]"
020080,"[[140, 404, 193, 470, 1.0], [207, 300, 255, 360, 1.0], [381, 532, 410, 631, 1.0], [144, 295, 182, 395, 1.0], [206, 299, 269, 414, 1.0], [377, 635, 405, 731, 1.0], [271, 485, 310, 533, 1.0], [219, 549, 265, 656, 1.0], [189, 194, 233, 280, 1.0], [431, 502, 501, 578, 1.0], [224, 476, 258, 532, 1.0], [287, 554, 340, 651, 1.0], [107, 116, 180, 243, 1.0], [452, 596, 526, 673, 1.0]]"
020081,"[[215, 94, 241, 165, 1.0], [235, 148, 269, 190, 1.0], [257, 81, 289, 154, 1.0], [185, 92, 210, 148, 1.0]]"
020082,"[[296, 70, 333, 136, 1.0], [248, 328, 292, 436, 1.0], [269, 451, 305, 503, 1.0], [309, 359, 343, 412, 1.0], [311, 145, 331, 209, 1.0], [337, 196, 380, 270, 1.0], [304, 308, 332, 348, 1.0], [293, 214, 333, 288, 1.0], [247, 216, 293, 330, 1.0], [342, 281, 382, 358, 1.0], [181, 261, 230, 329, 1.0]]"
020083,"[[499, 371, 563, 445, 1.0], [438, 634, 478, 689, 1.0], [431, 586, 480, 623, 1.0], [420, 171, 453, 223, 1.0], [423, 246, 484, 328, 1.0], [480, 128, 560, 262, 1.0], [504, 280, 564, 356, 1.0], [418, 342, 481, 439, 1.0], [501, 475, 576, 602, 1.0], [413, 453, 480, 567, 1.0]]"
020084,"[[199, 125, 249, 191, 1.0], [263, 523, 294, 564, 1.0], [250, 117, 299, 245, 1.0], [309, 528, 350, 585, 1.0], [147, 173, 195, 233, 1.0], [300, 145, 346, 209, 1.0], [319, 424, 353, 497, 1.0], [208, 217, 239, 274, 1.0], [308, 229, 343, 296, 1.0], [255, 257, 292, 311, 1.0]]"
020085,"[[208, 473, 270, 523, 1.0], [274, 462, 305, 509, 1.0], [306, 273, 369, 366, 1.0], [271, 376, 304, 452, 1.0], [333, 359, 373, 409, 1.0], [259, 288, 302, 359, 1.0], [151, 370, 203, 424, 1.0], [336, 419, 374, 497, 1.0]]"
020086,"[[1218, 848, 1268, 949, 1.0], [220, 914, 256, 1016, 1.0], [343, 957, 373, 1010, 1.0], [258, 963, 313, 1027, 1.0], [1150, 925, 1201, 996, 1.0], [1164, 833, 1213, 911, 1.0], [1116, 869, 1155, 943, 1.0], [219, 845, 269, 908, 1.0], [1111, 1085, 1161, 1161, 1.0], [1123, 1166, 1161, 1235, 1.0], [1107, 1244, 1162, 1330, 1.0]]"
020087,"[[213, 99, 265, 154, 1.0], [226, 262, 246, 296, 1.0], [228, 182, 256, 240, 1.0], [174, 273, 203, 332, 1.0], [155, 101, 195, 157, 1.0], [169, 185, 217, 261, 1.0]]"
020088,"[[358, 598, 416, 697, 1.0], [167, 576, 204, 620, 1.0], [169, 577, 212, 703, 1.0], [191, 108, 227, 147, 1.0], [196, 159, 224, 200, 1.0], [380, 72, 415, 143, 1.0], [184, 627, 213, 702, 1.0], [396, 148, 419, 187, 1.0], [376, 193, 412, 245, 1.0], [135, 567, 167, 607, 1.0], [129, 474, 168, 557, 1.0], [131, 364, 173, 446, 1.0], [186, 715, 227, 771, 1.0], [135, 616, 174, 668, 1.0], [293, 588, 342, 702, 1.0], [169, 463, 216, 568, 1.0], [144, 680, 180, 752, 1.0], [237, 604, 290, 702, 1.0]]"
020089,"[[212, 94, 251, 202, 1.0], [155, 90, 207, 201, 1.0]]"
020090,"[[111, 268, 130, 305, 1.0], [233, 153, 252, 199, 1.0], [258, 157, 288, 232, 1.0], [197, 165, 228, 231, 1.0], [188, 245, 218, 291, 1.0], [145, 205, 170, 280, 1.0]]"
020091,"[[261, 317, 347, 436, 1.0], [171, 223, 231, 247, 1.0], [313, 317, 347, 437, 1.0], [292, 130, 344, 180, 1.0], [264, 351, 308, 412, 1.0], [199, 301, 245, 412, 1.0], [142, 296, 188, 418, 1.0], [295, 201, 340, 315, 1.0]]"
020092,"[[315, 370, 363, 463, 1.0], [112, 199, 143, 312, 1.0], [262, 400, 303, 477, 1.0], [117, 330, 169, 444, 1.0], [146, 192, 202, 281, 1.0]]"
020093,"[[130, 96, 181, 211, 1.0], [274, 117, 296, 150, 1.0], [252, 47, 303, 101, 1.0], [262, 161, 291, 209, 1.0], [213, 62, 255, 144, 1.0], [208, 153, 255, 227, 1.0]]"
020094,"[[303, 214, 363, 328, 1.0], [147, 362, 204, 427, 1.0], [233, 298, 284, 371, 1.0], [82, 288, 130, 375, 1.0], [149, 221, 212, 330, 1.0], [228, 187, 283, 274, 1.0]]"
020095,"[[889, 321, 948, 409, 1.0], [938, 274, 986, 358, 1.0], [1267, 407, 1354, 487, 1.0], [1287, 279, 1360, 384, 1.0], [504, 360, 570, 437, 1.0]]"
020096,"[[179, 476, 208, 505, 1.0], [149, 90, 190, 183, 1.0], [230, 519, 262, 565, 1.0], [178, 513, 219, 565, 1.0]]"
020097,"[[444, 170, 467, 224, 1.0], [351, 74, 408, 147, 1.0], [268, 275, 327, 364, 1.0], [287, 175, 325, 245, 1.0], [322, 402, 383, 485, 1.0]]"
020098,"[[508, 309, 560, 372, 1.0], [263, 428, 293, 473, 1.0], [615, 337, 659, 388, 1.0], [618, 272, 679, 386, 1.0], [343, 583, 365, 602, 1.0], [303, 673, 328, 720, 1.0], [241, 560, 266, 599, 1.0], [290, 734, 324, 782, 1.0], [558, 294, 612, 382, 1.0], [210, 427, 242, 461, 1.0], [220, 478, 252, 551, 1.0], [637, 272, 681, 344, 1.0], [378, 501, 423, 575, 1.0], [351, 107, 392, 161, 1.0], [268, 525, 304, 568, 1.0], [671, 110, 712, 143, 1.0], [394, 272, 426, 332, 1.0], [409, 168, 439, 226, 1.0], [459, 107, 498, 141, 1.0], [432, 274, 467, 343, 1.0], [664, 219, 695, 257, 1.0], [342, 518, 378, 572, 1.0], [662, 148, 699, 213, 1.0], [327, 730, 360, 789, 1.0], [612, 195, 654, 254, 1.0], [409, 109, 453, 161, 1.0], [448, 146, 492, 206, 1.0], [620, 115, 668, 188, 1.0]]"
020099,"[[234, 148, 274, 219, 1.0], [226, 94, 263, 141, 1.0], [164, 163, 213, 242, 1.0], [165, 99, 209, 159, 1.0]]"
020100,"[[263, 119, 288, 157, 1.0], [162, 135, 202, 194, 1.0], [214, 79, 251, 121, 1.0], [253, 169, 286, 241, 1.0], [203, 119, 250, 210, 1.0]]"
020101,"[[161, 208, 190, 230, 1.0], [196, 232, 218, 297, 1.0], [152, 325, 174, 357, 1.0], [179, 292, 221, 351, 1.0], [146, 236, 187, 317, 1.0]]"
020102,"[[228, 124, 251, 160, 1.0], [233, 240, 259, 304, 1.0], [265, 108, 307, 194, 1.0], [171, 245, 210, 307, 1.0], [272, 213, 325, 287, 1.0]]"
020103,"[[85, 277, 110, 296, 1.0], [208, 206, 228, 236, 1.0], [153, 180, 175, 237, 1.0], [189, 79, 229, 112, 1.0], [203, 253, 226, 317, 1.0], [192, 137, 234, 187, 1.0]]"
020104,"[[267, 115, 290, 184, 1.0], [212, 189, 242, 241, 1.0], [260, 227, 278, 279, 1.0], [198, 119, 232, 171, 1.0]]"
020105,"[[205, 256, 230, 316, 1.0], [294, 82, 318, 148, 1.0], [295, 155, 314, 186, 1.0], [109, 107, 126, 140, 1.0], [184, 119, 225, 182, 1.0], [109, 151, 130, 197, 1.0], [293, 284, 324, 328, 1.0]]"
020106,"[[273, 93, 300, 136, 1.0], [261, 156, 288, 206, 1.0], [272, 214, 294, 288, 1.0], [180, 129, 255, 244, 1.0]]"
020107,"[[140, 136, 169, 181, 1.0], [139, 46, 163, 123, 1.0], [176, 82, 209, 138, 1.0]]"
020108,"[[144, 250, 182, 286, 1.0]]"
020109,"[[253, 138, 274, 199, 1.0], [278, 137, 321, 203, 1.0], [215, 131, 251, 195, 1.0]]"
020110,"[[368, 224, 406, 312, 1.0], [285, 235, 343, 309, 1.0], [149, 246, 235, 318, 1.0], [352, 84, 409, 173, 1.0]]"
020111,"[[88, 339, 138, 393, 1.0], [200, 66, 241, 119, 1.0], [209, 128, 232, 181, 1.0], [190, 184, 232, 297, 1.0], [180, 306, 230, 397, 1.0]]"
020112,"[[297, 345, 332, 436, 1.0], [195, 155, 288, 253, 1.0], [191, 567, 241, 672, 1.0], [109, 558, 139, 612, 1.0], [242, 88, 291, 147, 1.0], [178, 495, 219, 564, 1.0], [118, 479, 161, 549, 1.0]]"
020113,"[[343, 2189, 374, 2268, 1.0], [704, 674, 747, 734, 1.0], [741, 1607, 780, 1640, 1.0], [714, 1500, 752, 1559, 1.0], [767, 539, 822, 581, 1.0], [689, 599, 750, 671, 1.0], [751, 1997, 788, 2052, 1.0], [829, 1373, 888, 1459, 1.0], [724, 1805, 769, 1854, 1.0], [843, 1484, 898, 1619, 1.0]]"
020114,"[[246, 296, 311, 385, 1.0], [255, 576, 295, 632, 1.0], [262, 503, 288, 557, 1.0], [267, 391, 305, 486, 1.0]]"
020115,"[[292, 83, 326, 113, 1.0], [281, 118, 315, 174, 1.0], [281, 82, 327, 175, 1.0], [240, 332, 260, 382, 1.0], [216, 75, 272, 152, 1.0]]"
020116,"[[319, 92, 353, 141, 1.0], [342, 355, 372, 399, 1.0], [195, 255, 240, 315, 1.0], [339, 287, 371, 345, 1.0]]"
020117,"[[157, 314, 180, 362, 1.0], [151, 226, 173, 305, 1.0], [189, 175, 225, 225, 1.0], [163, 366, 190, 427, 1.0], [149, 156, 183, 218, 1.0], [192, 229, 232, 287, 1.0], [197, 335, 226, 408, 1.0]]"
020118,"[[226, 133, 243, 159, 1.0], [153, 76, 225, 200, 1.0], [233, 63, 246, 118, 1.0], [152, 143, 172, 177, 1.0], [227, 168, 252, 215, 1.0], [175, 76, 221, 120, 1.0]]"
020119,"[[109, 164, 134, 225, 1.0], [150, 111, 172, 146, 1.0], [148, 155, 184, 243, 1.0], [199, 132, 242, 244, 1.0]]"
020120,"[[159, 244, 253, 286, 1.0], [350, 542, 397, 621, 1.0], [425, 540, 485, 625, 1.0]]"
020121,"[[260, 220, 313, 315, 1.0], [120, 164, 170, 210, 1.0], [273, 173, 314, 216, 1.0], [174, 171, 234, 269, 1.0]]"
020122,"[[182, 238, 218, 314, 1.0]]"
020123,"[[163, 257, 199, 400, 1.0], [150, 186, 187, 248, 1.0]]"
020124,"[[267, 137, 296, 194, 1.0], [304, 169, 323, 209, 1.0], [133, 380, 170, 435, 1.0], [178, 264, 220, 309, 1.0], [130, 73, 152, 99, 1.0], [185, 220, 224, 259, 1.0], [187, 90, 222, 158, 1.0], [140, 100, 178, 188, 1.0]]"
020125,"[[396, 253, 422, 271, 1.0], [346, 251, 385, 306, 1.0], [302, 275, 334, 341, 1.0]]"
020126,"[[219, 226, 254, 275, 1.0], [229, 360, 255, 393, 1.0], [225, 286, 273, 351, 1.0], [233, 415, 273, 482, 1.0]]"
020127,"[[194, 228, 222, 285, 1.0], [211, 181, 240, 229, 1.0], [185, 69, 219, 154, 1.0]]"
020128,"[[235, 82, 261, 126, 1.0], [134, 141, 172, 240, 1.0], [149, 74, 175, 129, 1.0]]"
020129,"[[205, 251, 236, 277, 1.0], [168, 224, 195, 268, 1.0], [283, 89, 316, 155, 1.0], [236, 87, 257, 119, 1.0], [245, 203, 265, 248, 1.0], [203, 201, 233, 239, 1.0], [237, 132, 274, 177, 1.0]]"
020130,"[[230, 89, 272, 163, 1.0], [230, 170, 253, 207, 1.0], [220, 219, 253, 299, 1.0], [160, 221, 205, 258, 1.0]]"
020131,"[[177, 244, 216, 275, 1.0], [293, 90, 335, 168, 1.0], [200, 111, 259, 143, 1.0], [294, 177, 320, 213, 1.0], [216, 151, 263, 226, 1.0], [277, 229, 321, 307, 1.0]]"
020132,"[[205, 145, 225, 176, 1.0], [196, 192, 222, 246, 1.0], [192, 266, 217, 326, 1.0]]"
020133,"[[191, 170, 215, 206, 1.0], [205, 102, 231, 146, 1.0], [191, 250, 214, 293, 1.0], [180, 373, 215, 424, 1.0], [176, 309, 216, 359, 1.0]]"
020134,"[[120, 340, 145, 349, 1.0], [299, 298, 344, 356, 1.0], [190, 250, 246, 374, 1.0], [308, 236, 348, 284, 1.0], [310, 103, 354, 176, 1.0], [251, 231, 298, 333, 1.0]]"
020135,"[[192, 95, 238, 142, 1.0], [152, 103, 188, 170, 1.0], [203, 192, 253, 239, 1.0]]"
020136,"[[138, 168, 192, 251, 1.0], [117, 233, 180, 322, 1.0], [204, 210, 261, 292, 1.0], [206, 99, 272, 198, 1.0]]"
020137,"[[176, 75, 232, 137, 1.0], [155, 179, 200, 241, 1.0]]"
020138,"[[360, 296, 415, 375, 1.0], [494, 335, 548, 433, 1.0], [418, 190, 501, 270, 1.0], [355, 226, 408, 287, 1.0], [416, 435, 499, 547, 1.0], [318, 451, 381, 547, 1.0]]"
020139,"[[268, 335, 322, 404, 1.0], [258, 128, 321, 192, 1.0], [233, 579, 350, 676, 1.0], [266, 203, 317, 329, 1.0], [242, 433, 316, 571, 1.0]]"
020140,"[[148, 92, 197, 140, 1.0], [172, 390, 209, 471, 1.0], [539, 108, 577, 163, 1.0], [146, 198, 188, 276, 1.0], [536, 169, 566, 218, 1.0], [506, 118, 539, 173, 1.0], [170, 148, 198, 186, 1.0], [538, 211, 585, 293, 1.0]]"
020141,"[[322, 268, 377, 335, 1.0], [213, 96, 262, 171, 1.0], [316, 94, 352, 195, 1.0], [258, 285, 284, 339, 1.0], [326, 206, 364, 243, 1.0], [246, 178, 281, 259, 1.0]]"
020142,"[[243, 124, 262, 154, 1.0], [233, 264, 263, 320, 1.0], [237, 172, 270, 243, 1.0], [166, 142, 225, 222, 1.0], [177, 237, 220, 311, 1.0]]"
020143,"[[159, 59, 185, 107, 1.0], [203, 244, 215, 268, 1.0], [300, 223, 321, 239, 1.0], [259, 158, 275, 217, 1.0], [186, 115, 209, 182, 1.0], [152, 122, 178, 202, 1.0], [281, 161, 306, 227, 1.0], [230, 230, 264, 273, 1.0], [216, 131, 250, 196, 1.0], [157, 228, 192, 293, 1.0]]"
020144,"[[115, 105, 146, 186, 1.0]]"
020145,"[[142, 84, 159, 126, 1.0], [170, 110, 209, 178, 1.0]]"
020146,"[[143, 175, 169, 192, 1.0], [183, 132, 210, 203, 1.0], [214, 150, 246, 214, 1.0]]"
020147,"[[208, 213, 241, 292, 1.0], [120, 232, 153, 267, 1.0], [171, 112, 222, 192, 1.0]]"
020148,"[[264, 162, 297, 216, 1.0], [232, 158, 265, 257, 1.0], [264, 231, 302, 285, 1.0], [267, 380, 298, 426, 1.0], [267, 294, 310, 367, 1.0]]"
020149,"[[171, 1128, 189, 1167, 1.0], [95, 1039, 156, 1146, 1.0], [277, 567, 309, 624, 1.0], [334, 235, 386, 334, 1.0], [177, 1042, 217, 1112, 1.0], [283, 436, 345, 554, 1.0], [326, 349, 365, 418, 1.0], [1514, 579, 1550, 642, 1.0], [245, 634, 298, 759, 1.0], [240, 776, 299, 837, 1.0], [187, 958, 230, 1033, 1.0], [1517, 788, 1608, 875, 1.0], [221, 1054, 272, 1160, 1.0], [1512, 326, 1570, 423, 1.0], [407, 444, 490, 608, 1.0], [238, 848, 288, 941, 1.0], [1510, 663, 1577, 769, 1.0], [1503, 452, 1574, 564, 1.0], [233, 971, 275, 1040, 1.0], [406, 253, 527, 406, 1.0], [1528, 908, 1625, 1050, 1.0]]"
w01790,"[[207, 128, 228, 167, 1.0], [112, 111, 143, 169, 1.0], [204, 49, 230, 114, 1.0]]"
w01791,"[[129, 62, 152, 90, 1.0], [103, 119, 135, 168, 1.0], [57, 105, 83, 165, 1.0]]"
w01792,"[[65, 143, 86, 159, 1.0], [167, 222, 193, 243, 1.0], [68, 171, 88, 234, 1.0], [104, 138, 131, 167, 1.0], [155, 133, 181, 206, 1.0], [105, 178, 138, 227, 1.0]]"
w01793,"[[149, 186, 194, 271, 1.0], [126, 70, 162, 134, 1.0]]"
w01794,"[[156, 219, 186, 242, 1.0], [172, 77, 194, 121, 1.0], [121, 58, 147, 91, 1.0], [77, 163, 100, 209, 1.0], [158, 154, 189, 199, 1.0], [115, 102, 144, 149, 1.0], [115, 160, 143, 205, 1.0], [63, 82, 109, 153, 1.0]]"
w01795,"[[53, 81, 82, 120, 1.0], [109, 81, 122, 109, 1.0], [71, 132, 95, 167, 1.0], [205, 60, 224, 97, 1.0], [191, 114, 209, 143, 1.0], [281, 150, 299, 182, 1.0], [154, 128, 174, 151, 1.0], [165, 77, 194, 110, 1.0], [234, 152, 258, 191, 1.0], [112, 125, 138, 166, 1.0], [222, 100, 253, 135, 1.0], [265, 90, 291, 134, 1.0]]"
W01796,"[[196, 68, 217, 107, 1.0], [203, 126, 230, 167, 1.0], [61, 217, 86, 267, 1.0], [124, 84, 153, 123, 1.0], [121, 136, 148, 196, 1.0], [113, 212, 143, 262, 1.0], [61, 95, 101, 175, 1.0]]"
w01797,"[[210, 34, 236, 66, 1.0], [230, 99, 249, 133, 1.0], [132, 176, 151, 217, 1.0], [227, 228, 250, 269, 1.0], [181, 219, 202, 253, 1.0], [169, 62, 200, 103, 1.0], [178, 164, 202, 204, 1.0], [185, 113, 213, 155, 1.0], [222, 160, 248, 205, 1.0], [99, 73, 149, 154, 1.0]]"
w01798,"[[353, 288, 367, 296, 1.0], [104, 368, 128, 410, 1.0], [254, 365, 273, 404, 1.0], [172, 372, 213, 427, 1.0], [242, 67, 270, 131, 1.0], [249, 288, 270, 352, 1.0], [470, 341, 487, 386, 1.0], [468, 273, 489, 320, 1.0], [394, 374, 424, 425, 1.0], [355, 204, 386, 254, 1.0], [462, 212, 489, 255, 1.0], [149, 206, 180, 253, 1.0], [212, 208, 235, 258, 1.0], [406, 328, 435, 368, 1.0], [194, 324, 223, 365, 1.0], [415, 213, 445, 271, 1.0], [255, 216, 280, 266, 1.0], [393, 76, 441, 145, 1.0], [327, 343, 376, 410, 1.0], [325, 110, 375, 190, 1.0], [454, 134, 489, 198, 1.0], [234, 150, 266, 201, 1.0], [80, 91, 142, 194, 1.0], [164, 101, 203, 184, 1.0]]"
w01799,"[[472, 53, 491, 95, 1.0], [304, 98, 321, 137, 1.0], [406, 78, 436, 131, 1.0], [243, 97, 272, 147, 1.0], [362, 80, 401, 139, 1.0]]"
w01800,"[[101, 176, 127, 213, 1.0], [175, 163, 195, 199, 1.0], [68, 61, 104, 123, 1.0], [123, 131, 149, 173, 1.0], [128, 66, 163, 118, 1.0]]"
w01801,"[[175, 99, 206, 123, 1.0], [87, 143, 104, 175, 1.0], [124, 76, 147, 115, 1.0], [118, 192, 144, 226, 1.0], [123, 135, 147, 169, 1.0], [165, 138, 188, 183, 1.0], [173, 219, 193, 253, 1.0], [87, 77, 120, 127, 1.0]]"
w01802,"[[209, 93, 225, 129, 1.0], [122, 175, 141, 209, 1.0], [154, 94, 176, 138, 1.0], [79, 170, 105, 187, 1.0], [196, 222, 219, 264, 1.0], [150, 220, 185, 254, 1.0], [154, 166, 181, 206, 1.0], [197, 161, 229, 215, 1.0], [107, 106, 139, 155, 1.0]]"
w01803,"[[109, 173, 125, 199, 1.0], [146, 83, 206, 153, 1.0], [157, 168, 175, 218, 1.0], [131, 164, 155, 217, 1.0], [148, 96, 173, 146, 1.0], [84, 176, 102, 200, 1.0], [208, 182, 231, 227, 1.0], [210, 101, 245, 167, 1.0]]"
w01804,"[[207, 41, 243, 81, 1.0], [269, 26, 296, 59, 1.0], [314, 39, 334, 78, 1.0], [108, 61, 136, 100, 1.0], [148, 119, 187, 147, 1.0], [88, 117, 126, 177, 1.0]]"
w01806,"[[287, 157, 301, 180, 1.0], [174, 86, 188, 121, 1.0], [221, 87, 246, 122, 1.0], [174, 218, 194, 261, 1.0], [214, 195, 237, 239, 1.0], [262, 82, 295, 136, 1.0], [218, 145, 243, 180, 1.0], [170, 142, 199, 190, 1.0]]"
w01807,"[[141, 157, 169, 239, 1.0], [222, 141, 244, 175, 1.0], [142, 157, 168, 193, 1.0], [148, 113, 163, 142, 1.0], [143, 200, 168, 239, 1.0], [197, 199, 221, 246, 1.0], [232, 182, 268, 232, 1.0]]"
w01808,"[[95, 135, 127, 174, 1.0], [98, 103, 135, 133, 1.0], [204, 185, 232, 226, 1.0], [143, 130, 174, 175, 1.0], [248, 170, 283, 192, 1.0], [148, 77, 176, 119, 1.0], [60, 167, 85, 206, 1.0], [61, 118, 80, 155, 1.0], [150, 184, 182, 223, 1.0], [191, 87, 242, 175, 1.0]]"
W01809,"[[84, 95, 100, 136, 1.0], [125, 121, 153, 169, 1.0], [122, 74, 147, 109, 1.0], [159, 73, 198, 146, 1.0]]"
w01810,"[[84, 42, 140, 129, 1.0], [110, 91, 139, 129, 1.0], [162, 86, 194, 122, 1.0], [72, 243, 88, 276, 1.0], [120, 151, 146, 187, 1.0], [67, 165, 91, 214, 1.0], [120, 239, 145, 281, 1.0]]"
w01811,"[[143, 164, 161, 204, 1.0], [211, 121, 237, 145, 1.0], [94, 65, 124, 112, 1.0], [133, 111, 160, 163, 1.0], [103, 129, 127, 185, 1.0], [135, 65, 163, 101, 1.0]]"
w01812,"[[99, 142, 123, 179, 1.0], [82, 77, 120, 127, 1.0], [37, 210, 72, 260, 1.0], [93, 193, 134, 253, 1.0]]"
w01813,"[[94, 229, 114, 263, 1.0], [234, 150, 261, 171, 1.0], [99, 21, 123, 56, 1.0], [97, 73, 116, 106, 1.0], [136, 34, 166, 75, 1.0], [135, 166, 164, 215, 1.0], [128, 86, 158, 137, 1.0], [177, 53, 225, 123, 1.0], [91, 161, 119, 213, 1.0]]"
w01814,"[[57, 77, 79, 95, 1.0], [83, 75, 102, 111, 1.0], [120, 119, 138, 154, 1.0], [116, 71, 139, 106, 1.0], [163, 74, 193, 116, 1.0]]"
w01815,"[[204, 122, 223, 178, 1.0], [148, 140, 178, 167, 1.0], [144, 88, 174, 120, 1.0], [93, 104, 136, 177, 1.0]]"
w01816,"[[141, 42, 171, 84, 1.0], [150, 111, 171, 150, 1.0], [89, 62, 114, 114, 1.0], [192, 33, 222, 71, 1.0], [197, 83, 224, 137, 1.0]]"
w01817,"[[157, 95, 183, 127, 1.0], [85, 128, 110, 159, 1.0], [154, 142, 185, 176, 1.0], [74, 76, 109, 117, 1.0]]"
w01818,"[[88, 211, 108, 239, 1.0], [71, 64, 88, 98, 1.0], [155, 209, 176, 246, 1.0], [102, 85, 133, 132, 1.0], [113, 211, 140, 253, 1.0]]"
w01819,"[[109, 223, 129, 249, 1.0], [144, 64, 161, 96, 1.0], [128, 144, 164, 197, 1.0], [142, 108, 164, 136, 1.0], [188, 139, 213, 184, 1.0], [135, 223, 170, 270, 1.0]]"
w01820,"[[164, 70, 187, 99, 1.0], [108, 68, 125, 99, 1.0], [153, 109, 182, 152, 1.0], [89, 111, 134, 176, 1.0]]"
w01821,"[[81, 69, 99, 85, 1.0], [130, 115, 152, 141, 1.0], [71, 94, 93, 120, 1.0], [172, 85, 196, 120, 1.0], [123, 59, 151, 102, 1.0]]"
w01822,"[[235, 198, 257, 215, 1.0], [157, 181, 203, 242, 1.0], [213, 68, 241, 103, 1.0], [172, 122, 188, 150, 1.0], [99, 114, 143, 169, 1.0], [219, 121, 235, 150, 1.0], [165, 93, 198, 120, 1.0], [121, 219, 155, 263, 1.0]]"
w01823,"[[317, 267, 335, 310, 1.0], [311, 327, 344, 365, 1.0], [260, 362, 288, 412, 1.0], [256, 300, 292, 355, 1.0]]"
w01825,"[[236, 205, 259, 240, 1.0], [186, 99, 207, 131, 1.0], [232, 166, 250, 200, 1.0], [136, 86, 162, 118, 1.0], [220, 105, 246, 152, 1.0], [182, 215, 221, 252, 1.0], [138, 133, 160, 175, 1.0], [143, 215, 171, 245, 1.0], [179, 142, 213, 197, 1.0], [73, 123, 115, 185, 1.0], [94, 196, 135, 256, 1.0]]"
w01826,"[[92, 85, 117, 108, 1.0], [40, 135, 91, 207, 1.0], [153, 75, 184, 138, 1.0], [133, 161, 174, 229, 1.0]]"
w01828,"[[202, 106, 225, 146, 1.0], [123, 102, 158, 132, 1.0], [185, 42, 223, 83, 1.0], [122, 45, 155, 89, 1.0], [59, 53, 117, 144, 1.0]]"
w01829,"[[240, 165, 265, 192, 1.0], [200, 167, 227, 211, 1.0], [168, 207, 192, 238, 1.0], [159, 104, 177, 140, 1.0], [87, 101, 126, 170, 1.0]]"
w01830,"[[219, 40, 235, 70, 1.0], [125, 179, 151, 211, 1.0], [118, 135, 138, 159, 1.0], [169, 82, 185, 111, 1.0], [205, 83, 234, 118, 1.0], [114, 70, 152, 132, 1.0], [157, 141, 188, 181, 1.0]]"
w01831,"[[75, 137, 101, 202, 1.0], [78, 173, 95, 202, 1.0], [154, 84, 166, 127, 1.0], [154, 217, 174, 248, 1.0], [74, 137, 101, 166, 1.0], [81, 216, 108, 259, 1.0], [67, 81, 102, 119, 1.0], [143, 140, 172, 195, 1.0]]"
w01832,"[[168, 109, 182, 129, 1.0], [149, 199, 162, 220, 1.0], [179, 200, 198, 230, 1.0], [87, 125, 120, 181, 1.0]]"
w01833,"[[43, 82, 63, 90, 1.0], [91, 101, 117, 132, 1.0], [153, 105, 184, 136, 1.0], [161, 31, 198, 78, 1.0], [90, 45, 123, 86, 1.0]]"
w01834,"[[170, 178, 207, 226, 1.0], [176, 129, 210, 179, 1.0], [174, 72, 212, 117, 1.0]]"
w01835,"[[141, 88, 158, 113, 1.0], [85, 88, 106, 117, 1.0], [135, 145, 159, 190, 1.0], [166, 70, 211, 132, 1.0]]"
w01836,"[[95, 118, 121, 149, 1.0]]"
w01837,"[[69, 126, 85, 186, 1.0], [230, 184, 257, 216, 1.0], [97, 246, 127, 279, 1.0], [196, 195, 223, 241, 1.0], [99, 198, 122, 238, 1.0], [177, 141, 198, 178, 1.0], [107, 77, 129, 117, 1.0], [160, 85, 196, 125, 1.0], [113, 133, 146, 179, 1.0], [150, 199, 182, 258, 1.0], [200, 83, 246, 150, 1.0]]"
w01838,"[[131, 131, 152, 155, 1.0], [79, 94, 104, 130, 1.0], [125, 79, 156, 123, 1.0], [63, 140, 95, 197, 1.0]]"
w01839,"[[134, 191, 162, 209, 1.0], [159, 75, 182, 107, 1.0], [193, 184, 220, 223, 1.0], [68, 149, 95, 187, 1.0], [192, 122, 208, 160, 1.0], [121, 135, 162, 175, 1.0]]"
w01840,"[[161, 186, 177, 216, 1.0], [111, 191, 126, 229, 1.0], [158, 147, 175, 177, 1.0], [155, 47, 187, 92, 1.0], [109, 119, 128, 188, 1.0], [153, 100, 178, 134, 1.0], [103, 48, 132, 100, 1.0]]"
w01841,"[[180, 37, 200, 52, 1.0], [232, 88, 259, 122, 1.0], [216, 30, 253, 64, 1.0], [176, 76, 208, 153, 1.0]]"
w01842,"[[91, 32, 105, 59, 1.0], [89, 199, 105, 229, 1.0], [173, 133, 205, 182, 1.0], [116, 171, 141, 221, 1.0], [117, 121, 139, 159, 1.0], [178, 56, 220, 119, 1.0], [90, 67, 118, 106, 1.0], [82, 118, 112, 187, 1.0]]"
